h_AGL,w_cossin,w_shear,w_power,w_mil,h_AGL
0,0,0,0,0,0
2.002002002,0,1.574046858,2.209570492,0.00039557,2.002002002
4.004004004,0,2.491586327,2.538129989,0.001582216,4.004004004
6.006006006,0,3.028312509,2.752530325,0.003559752,6.006006006
8.008008008,0,3.409125796,2.915545743,0.006327864,8.008008008
10.01001001,0,3.704507529,3.048609947,0.009886114,10.01001001
12.01201201,0,3.945851978,3.161827056,0.014233939,12.01201201
14.01401401,0,4.149905802,3.26082483,0.019370651,14.01401401
16.01601602,0,4.326665265,3.349082599,0.025295438,16.01601602
18.01801802,0,4.48257816,3.428912188,0.032007362,18.01801802
20.02002002,0,4.622046998,3.501933231,0.039505361,20.02002002
22.02202202,0,4.748211908,3.569327503,0.047788248,22.02202202
24.02402402,0,4.863391447,3.631985538,0.056854713,24.02402402
26.02602603,0,4.969346352,3.690596214,0.066703322,26.02602603
28.02802803,0,5.067445271,3.745704119,0.077332516,28.02802803
30.03003003,0,5.15877318,3.797747733,0.088740613,30.03003003
32.03203203,0,5.244204734,3.847085672,0.100925809,32.03203203
34.03403403,0,5.324455342,3.894015229,0.113886174,34.03403403
36.03603604,0,5.400117629,3.93878579,0.127619659,36.03603604
38.03803804,0,5.471688013,3.981608745,0.142124091,38.03803804
40.04004004,5.69E-07,5.539586467,4.022664941,0.157397173,40.04004004
42.04204204,0.001478998,5.604171453,4.06211038,0.173436491,42.04204204
44.04404404,0.005800198,5.665751377,4.100080631,0.190239506,44.04404404
46.04604605,0.012963101,5.724593493,4.136694306,0.207803558,46.04604605
48.04804805,0.022965935,5.780930916,4.172055813,0.22612587,48.04804805
50.05005005,0.035806227,5.8349682,4.206257569,0.245203542,50.05005005
52.05205205,0.051480803,5.88688582,4.239381799,0.265033556,52.05205205
54.05405405,0.069985788,5.936843811,4.271502002,0.285612773,54.05405405
56.05605606,0.091316606,5.98498474,4.302684159,0.306937937,56.05605606
58.05805806,0.115467985,6.03143616,4.332987747,0.329005675,58.05805806
60.06006006,0.142433952,6.076312649,4.362466574,0.351812495,60.06006006
62.06206206,0.172207843,6.119717509,4.391169489,0.375354787,62.06206206
64.06406406,0.204782294,6.161744202,4.419140983,0.399628827,64.06406406
66.06606607,0.240149254,6.202477559,4.446421704,0.424630774,66.06606607
68.06806807,0.278299978,6.241994811,4.473048888,0.450356672,68.06806807
70.07007007,0.319225034,6.280366473,4.499056739,0.476802451,70.07007007
72.07207207,0.362914305,6.317657098,4.524476757,0.503963926,72.07207207
74.07407407,0.409356989,6.353925932,4.549338017,0.531836798,74.07407407
76.07607608,0.458541604,6.389227481,4.573667415,0.560416659,76.07607608
78.07807808,0.51045599,6.423612003,4.597489889,0.589698986,78.07807808
80.08008008,0.565087313,6.457125936,4.620828601,0.619679145,80.08008008
82.08208208,0.622422067,6.489812279,4.643705108,0.650352394,82.08208208
84.08408408,0.682446075,6.521710922,4.666139511,0.681713877,84.08408408
86.08608609,0.745144499,6.552858939,4.68815058,0.713758635,86.08608609
88.08808809,0.810501838,6.583290846,4.709755876,0.746481595,88.08808809
90.09009009,0.878501934,6.613038831,4.730971852,0.77987758,90.09009009
92.09209209,0.949127974,6.642132961,4.751813945,0.813941306,92.09209209
94.09409409,1.022362498,6.670601363,4.772296661,0.848667384,94.09409409
96.0960961,1.098187401,6.698470385,4.792433649,0.884050318,96.0960961
98.0980981,1.176583936,6.725764746,4.812237769,0.92008451,98.0980981
100.1001001,1.257532721,6.752507669,4.831721151,0.956764258,100.1001001
102.1021021,1.341013743,6.778720994,4.85089525,0.994083759,102.1021021
104.1041041,1.427006364,6.804425289,4.869770899,1.032037108,104.1041041
106.1061061,1.515489323,6.82963995,4.888358352,1.070618299,106.1061061
108.1081081,1.606440746,6.85438328,4.906667323,1.109821228,108.1081081
110.1101101,1.699838145,6.878672579,4.924707027,1.149639692,110.1101101
112.1121121,1.795658431,6.902524209,4.942486216,1.19006739,112.1121121
114.1141141,1.893877914,6.925953664,4.960013203,1.231097926,114.1141141
116.1161161,1.994472312,6.948975629,4.977295898,1.272724807,116.1161161
118.1181181,2.097416753,6.971604037,4.994341831,1.314941447,118.1181181
120.1201201,2.202685788,6.993852118,5.011158177,1.357741166,120.1201201
122.1221221,2.310253392,7.015732445,5.027751779,1.401117192,122.1221221
124.1241241,2.420092969,7.037256978,5.044129168,1.445062661,124.1241241
126.1261261,2.532177364,7.058437104,5.06029658,1.489570621,126.1261261
128.1281281,2.646478868,7.079283671,5.076259978,1.534634028,128.1281281
130.1301301,2.762969221,7.099807023,5.092025064,1.580245753,130.1301301
132.1321321,2.881619623,7.120017028,5.107597297,1.626398579,132.1321321
134.1341341,3.002400741,7.139923112,5.122981905,1.673085202,134.1341341
136.1361361,3.125282714,7.15953428,5.138183899,1.720298236,136.1361361
138.1381381,3.250235161,7.178859144,5.153208085,1.768030211,138.1381381
140.1401401,3.377227192,7.197905942,5.168059075,1.816273573,140.1401401
142.1421421,3.50622741,7.216682564,5.182741298,1.865020689,142.1421421
144.1441441,3.637203922,7.235196567,5.197259008,1.914263847,144.1441441
146.1461461,3.770124348,7.253455196,5.211616296,1.963995254,146.1461461
148.1481481,3.904955824,7.271465401,5.225817096,2.014207041,148.1481481
150.1501502,4.041665017,7.289233851,5.239865194,2.064891265,150.1501502
152.1521522,4.180218129,7.30676695,5.253764236,2.116039904,152.1521522
154.1541542,4.320580905,7.324070852,5.267517734,2.167644867,154.1541542
156.1561562,4.462718644,7.341151472,5.281129072,2.219697986,156.1561562
158.1581582,4.606596204,7.358014498,5.294601516,2.272191028,158.1581582
160.1601602,4.752178015,7.374665405,5.307938212,2.325115684,160.1601602
162.1621622,4.899428085,7.391109462,5.321142202,2.378463582,162.1621622
164.1641642,5.048310009,7.407351748,5.334216419,2.43222628,164.1641642
166.1661662,5.19878698,7.423397152,5.347163699,2.486395272,166.1661662
168.1681682,5.350821795,7.439250391,5.359986781,2.540961986,168.1681682
170.1701702,5.504376866,7.454916013,5.372688314,2.595917788,170.1701702
172.1721722,5.659414231,7.470398408,5.38527086,2.651253983,172.1721722
174.1741742,5.815895559,7.485701811,5.397736898,2.706961815,174.1741742
176.1761762,5.973782164,7.500830315,5.410088828,2.76303247,176.1761762
178.1781782,6.133035012,7.515787871,5.422328973,2.819457075,178.1781782
180.1801802,6.29361473,7.5305783,5.434459584,2.876226704,180.1801802
182.1821822,6.455481619,7.545205296,5.446482842,2.933332372,182.1821822
184.1841842,6.618595661,7.55967243,5.458400862,2.990765045,184.1841842
186.1861862,6.782916528,7.57398316,5.470215693,3.048515634,186.1861862
188.1881882,6.948403597,7.588140832,5.481929324,3.106575003,188.1881882
190.1901902,7.115015953,7.602148684,5.493543685,3.164933965,190.1901902
192.1921922,7.282712405,7.616009854,5.50506065,3.223583285,192.1921922
194.1941942,7.451451494,7.629727382,5.516482035,3.282513684,194.1941942
196.1961962,7.621191503,7.643304215,5.527809609,3.341715837,196.1961962
198.1981982,7.791890466,7.65674321,5.539045088,3.401180377,198.1981982
200.2002002,7.963506183,7.670047138,5.550190138,3.460897895,200.2002002
202.2022022,8.135996224,7.683218686,5.561246381,3.520858942,202.2022022
204.2042042,8.309317945,7.696260462,5.572215394,3.58105403,204.2042042
206.2062062,8.483428497,7.709175,5.58309871,3.641473634,206.2062062
208.2082082,8.658284833,7.721964758,5.593897821,3.702108196,208.2082082
210.2102102,8.833843724,7.734632124,5.604614179,3.76294812,210.2102102
212.2122122,9.010061766,7.747179419,5.615249197,3.823983781,212.2122122
214.2142142,9.186895395,7.759608896,5.625804251,3.88520552,214.2142142
216.2162162,9.36430089,7.771922749,5.636280682,3.94660365,216.2162162
218.2182182,9.542234393,7.784123109,5.646679795,4.008168457,218.2182182
220.2202202,9.720651913,7.796212048,5.657002861,4.0698902,220.2202202
222.2222222,9.899509339,7.808191583,5.667251122,4.131759112,222.2222222
224.2242242,10.07876245,7.820063678,5.677425786,4.193765403,224.2242242
226.2262262,10.25836694,7.831830241,5.687528031,4.255899264,226.2262262
228.2282282,10.43827839,7.843493133,5.697559007,4.318150862,228.2282282
230.2302302,10.61845234,7.855054164,5.707519835,4.380510348,230.2302302
232.2322322,10.79884422,7.866515098,5.71741161,4.442967854,232.2322322
234.2342342,10.97940946,7.877877654,5.727235399,4.505513498,234.2342342
236.2362362,11.16010339,7.889143506,5.736992245,4.568137384,236.2362362
238.2382382,11.34088137,7.900314287,5.746683166,4.630829602,238.2382382
240.2402402,11.52169868,7.911391587,5.756309155,4.693580234,240.2402402
242.2422422,11.70251062,7.922376958,5.765871183,4.75637935,242.2422422
244.2442442,11.8832725,7.933271914,5.775370198,4.819217013,244.2442442
246.2462462,12.06393962,7.94407793,5.784807128,4.882083281,246.2462462
248.2482482,12.24446732,7.954796447,5.794182878,4.944968207,248.2482482
250.2502503,12.42481097,7.965428871,5.803498332,5.00786184,250.2502503
252.2522523,12.60492597,7.975976573,5.812754358,5.07075423,252.2522523
254.2542543,12.78476781,7.986440894,5.8219518,5.133635424,254.2542543
256.2562563,12.96429201,7.99682314,5.831091486,5.196495473,256.2562563
258.2582583,13.1434542,8.00712459,5.840174228,5.259324431,258.2582583
260.2602603,13.32221008,8.017346491,5.849200815,5.322112357,260.2602603
262.2622623,13.50051545,8.027490063,5.858172024,5.384849316,262.2622623
264.2642643,13.67832624,8.037556497,5.867088613,5.447525381,264.2642643
266.2662663,13.85559848,8.047546957,5.875951325,5.510130635,266.2662663
268.2682683,14.03228835,8.057462581,5.884760887,5.572655172,268.2682683
270.2702703,14.20835216,8.067304482,5.893518011,5.635089099,270.2702703
272.2722723,14.38374639,8.077073749,5.902223393,5.697422537,272.2722723
274.2742743,14.55842768,8.086771446,5.910877716,5.759645623,274.2742743
276.2762763,14.73235283,8.096398613,5.919481651,5.821748513,276.2762763
278.2782783,14.90547885,8.105956269,5.92803585,5.883721378,278.2782783
280.2802803,15.07776293,8.115445411,5.936540958,5.945554415,280.2802803
282.2822823,15.24916249,8.124867014,5.944997604,6.007237838,282.2822823
284.2842843,15.41963514,8.134222033,5.953406403,6.068761888,284.2842843
286.2862863,15.58913875,8.143511402,5.961767962,6.130116831,286.2862863
288.2882883,15.7576314,8.152736036,5.970082873,6.191292957,288.2882883
290.2902903,15.92507144,8.161896831,5.978351718,6.252280588,290.2902903
292.2922923,16.09141747,8.170994665,5.986575066,6.313070073,292.2922923
294.2942943,16.25662837,8.180030397,5.994753478,6.373651793,294.2942943
296.2962963,16.4206633,8.18900487,6.002887502,6.434016164,296.2962963
298.2982983,16.58348169,8.197918908,6.010977676,6.494153633,298.2982983
300.3003003,16.74504329,8.20677332,6.019024529,6.554054685,300.3003003
302.3023023,16.90530817,8.215568898,6.027028579,6.613709843,302.3023023
304.3043043,17.0642367,8.224306419,6.034990336,6.673109666,304.3043043
306.3063063,17.22178959,8.232986645,6.042910298,6.732244758,306.3063063
308.3083083,17.37792788,8.241610321,6.050788956,6.791105759,308.3083083
310.3103103,17.53261297,8.25017818,6.058626792,6.849683358,310.3103103
312.3123123,17.68580663,8.258690941,6.066424278,6.907968285,312.3123123
314.3143143,17.83747098,8.267149306,6.074181879,6.965951319,314.3143143
316.3163163,17.98756852,8.275553967,6.081900051,7.023623284,316.3163163
318.3183183,18.13606214,8.283905601,6.089579243,7.080975056,318.3183183
320.3203203,18.28291513,8.292204873,6.097219893,7.137997559,320.3203203
322.3223223,18.42809119,8.300452437,6.104822435,7.194681771,322.3223223
324.3243243,18.57155442,8.308648931,6.112387294,7.251018724,324.3243243
326.3263263,18.71326935,8.316794986,6.119914888,7.306999503,326.3263263
328.3283283,18.85320096,8.324891217,6.127405626,7.36261525,328.3283283
330.3303303,18.99131464,8.33293823,6.134859913,7.417857165,330.3303303
332.3323323,19.12757624,8.340936621,6.142278145,7.472716508,332.3323323
334.3343343,19.26195209,8.348886973,6.149660712,7.527184598,334.3343343
336.3363363,19.39440895,8.35678986,6.157007998,7.581252818,336.3363363
338.3383383,19.52491409,8.364645845,6.164320379,7.634912611,338.3383383
340.3403403,19.65343523,8.372455482,6.171598228,7.688155487,340.3403403
342.3423423,19.77994061,8.380219315,6.178841908,7.740973022,342.3423423
344.3443443,19.90439894,8.387937877,6.186051778,7.793356859,344.3443443
346.3463463,20.02677946,8.395611693,6.193228191,7.845298709,346.3463463
348.3483483,20.14705191,8.40324128,6.200371495,7.896790353,348.3483483
350.3503504,20.26518656,8.410827144,6.207482032,7.947823645,350.3503504
352.3523524,20.38115419,8.418369784,6.214560137,7.998390508,352.3523524
354.3543544,20.49492614,8.425869688,6.221606141,8.048482942,354.3543544
356.3563564,20.60647429,8.43332734,6.228620371,8.098093022,356.3563564
358.3583584,20.71577105,8.440743212,6.235603147,8.147212896,358.3583584
360.3603604,20.8227894,8.448117769,6.242554784,8.195834794,360.3603604
362.3623624,20.92750288,8.45545147,6.249475594,8.243951022,362.3623624
364.3643644,21.02988561,8.462744765,6.256365881,8.291553966,364.3643644
366.3663664,21.12991228,8.469998096,6.263225948,8.338636094,366.3663664
368.3683684,21.22755815,8.477211899,6.270056091,8.385189958,368.3683684
370.3703704,21.32279908,8.484386603,6.276856602,8.431208189,370.3703704
372.3723724,21.41561153,8.491522629,6.283627768,8.476683508,372.3723724
374.3743744,21.50597255,8.498620392,6.290369873,8.521608719,374.3743744
376.3763764,21.5938598,8.505680301,6.297083197,8.565976713,376.3763764
378.3783784,21.67925155,8.512702756,6.303768014,8.60978047,378.3783784
380.3803804,21.76212669,8.519688152,6.310424595,8.653013059,380.3803804
382.3823824,21.84246474,8.52663688,6.317053206,8.695667639,382.3823824
384.3843844,21.92024583,8.533549322,6.323654112,8.737737462,384.3843844
386.3863864,21.99545072,8.540425856,6.330227572,8.779215871,386.3863864
388.3883884,22.06806084,8.547266851,6.33677384,8.820096302,388.3883884
390.3903904,22.13805822,8.554072674,6.343293168,8.860372287,390.3903904
392.3923924,22.20542556,8.560843684,6.349785805,8.900037454,392.3923924
394.3943944,22.27014621,8.567580236,6.356251995,8.939085526,394.3943944
396.3963964,22.33220416,8.574282679,6.36269198,8.977510325,396.3963964
398.3983984,22.39158408,8.580951356,6.369105997,9.015305771,398.3983984
400.4004004,22.44827128,8.587586607,6.375494281,9.052465884,400.4004004
402.4024024,22.50225174,8.594188763,6.381857062,9.088984784,402.4024024
404.4044044,22.55351213,8.600758155,6.38819457,9.124856692,404.4044044
406.4064064,22.60203976,8.607295104,6.394507027,9.160075932,406.4064064
408.4084084,22.64782265,8.613799931,6.400794657,9.194636933,408.4084084
410.4104104,22.69084947,8.62027295,6.407057677,9.228534225,410.4104104
412.4124124,22.73110958,8.626714469,6.413296304,9.261762446,412.4124124
414.4144144,22.76859304,8.633124795,6.41951075,9.294316336,414.4144144
416.4164164,22.80329057,8.639504227,6.425701225,9.326190746,416.4164164
418.4184184,22.83519359,8.645853063,6.431867936,9.357380632,418.4184184
420.4204204,22.86429423,8.652171593,6.438011088,9.387881059,420.4204204
422.4224224,22.89058527,8.658460107,6.444130881,9.4176872,422.4224224
424.4244244,22.91406024,8.664718887,6.450227516,9.446794341,424.4244244
426.4264264,22.93471331,8.670948215,6.456301187,9.475197874,426.4264264
428.4284284,22.95253939,8.677148365,6.462352089,9.502893307,428.4284284
430.4304304,22.96753406,8.68331961,6.468380413,9.529876256,430.4304304
432.4324324,22.97969363,8.689462218,6.474386348,9.556142452,432.4324324
434.4344344,22.98901508,8.695576454,6.480370079,9.581687739,434.4344344
436.4364364,22.9954961,8.701662578,6.486331791,9.606508076,436.4364364
438.4384384,22.99913511,8.707720847,6.492271665,9.630599535,438.4384384
440.4404404,22.99993119,8.713751517,6.498189881,9.653958304,440.4404404
442.4424424,22.99788416,8.719754836,6.504086615,9.676580687,442.4424424
444.4444444,22.99299451,8.725731052,6.509962041,9.698463104,444.4444444
446.4464464,22.98526346,8.731680409,6.515816333,9.719602093,446.4464464
448.4484484,22.97469291,8.737603147,6.521649661,9.73999431,448.4484484
450.4504505,22.96128549,8.743499502,6.527462192,9.759636528,450.4504505
452.4524525,22.9450445,8.74936971,6.533254093,9.778525638,452.4524525
454.4544545,22.92597396,8.755214,6.539025528,9.796658652,454.4544545
456.4564565,22.90407858,8.761032601,6.544776659,9.814032701,456.4564565
458.4584585,22.87936379,8.766825738,6.550507645,9.830645036,458.4584585
460.4604605,22.85183568,8.772593632,6.556218646,9.846493028,460.4604605
462.4624625,22.82150106,8.778336503,6.561909816,9.86157417,462.4624625
464.4644645,22.78836744,8.784054567,6.567581311,9.875886075,464.4644645
466.4664665,22.75244301,8.789748036,6.573233283,9.889426479,466.4664665
468.4684685,22.71373664,8.795417123,6.578865882,9.90219324,468.4684685
470.4704705,22.67225791,8.801062034,6.584479257,9.914184337,470.4704705
472.4724725,22.62801707,8.806682975,6.590073555,9.925397872,472.4724725
474.4744745,22.58102506,8.812280149,6.595648921,9.935832073,474.4744745
476.4764765,22.5312935,8.817853756,6.601205499,9.945485287,476.4764765
478.4784785,22.47883468,8.823403993,6.606743431,9.954355988,478.4784785
480.4804805,22.42366157,8.828931056,6.612262857,9.962442771,480.4804805
482.4824825,22.36578781,8.834435137,6.617763915,9.969744357,482.4824825
484.4844845,22.30522771,8.839916427,6.623246743,9.976259591,484.4844845
486.4864865,22.24199624,8.845375114,6.628711475,9.981987443,486.4864865
488.4884885,22.17610903,8.850811383,6.634158246,9.986927005,488.4884885
490.4904905,22.10758238,8.856225417,6.639587188,9.991077496,490.4904905
492.4924925,22.03643323,8.861617399,6.644998432,9.994438259,492.4924925
494.4944945,21.96267916,8.866987506,6.650392107,9.997008763,494.4944945
496.4964965,21.88633841,8.872335916,6.65576834,9.998788601,496.4964965
498.4984985,21.80742986,8.877662803,6.661127259,9.999777491,498.4984985
500.5005005,21.725973,8.88296834,6.666468988,10,500.5005005
502.5025025,21.64198799,8.888252697,6.67179365,10,502.5025025
504.5045045,21.55549558,8.893516042,6.677101369,10,504.5045045
506.5065065,21.46651716,8.898758543,6.682392264,10,506.5065065
508.5085085,21.37507472,8.903980363,6.687666455,10,508.5085085
510.5105105,21.28119088,8.909181665,6.692924061,10,510.5105105
512.5125125,21.18488884,8.914362609,6.698165198,10,512.5125125
514.5145145,21.08619241,8.919523355,6.703389983,10,514.5145145
516.5165165,20.985126,8.924664059,6.708598528,10,516.5165165
518.5185185,20.88171458,8.929784876,6.713790948,10,518.5185185
520.5205205,20.77598373,8.93488596,6.718967354,10,520.5205205
522.5225225,20.66795959,8.939967462,6.724127858,10,522.5225225
524.5245245,20.55766886,8.945029532,6.729272567,10,524.5245245
526.5265265,20.44513881,8.950072318,6.734401592,10,526.5265265
528.5285285,20.33039726,8.955095966,6.739515039,10,528.5285285
530.5305305,20.21347257,8.960100621,6.744613014,10,530.5305305
532.5325325,20.09439366,8.965086426,6.749695622,10,532.5325325
534.5345345,19.97318997,8.970053522,6.754762966,10,534.5345345
536.5365365,19.84989145,8.97500205,6.759815151,10,536.5365365
538.5385385,19.7245286,8.979932147,6.764852276,10,538.5385385
540.5405405,19.59713241,8.984843951,6.769874444,10,540.5405405
542.5425425,19.46773436,8.989737597,6.774881753,10,542.5425425
544.5445445,19.33636646,8.994613218,6.779874302,10,544.5445445
546.5465465,19.20306118,8.999470947,6.784852189,10,546.5465465
548.5485485,19.06785148,9.004310914,6.789815509,10,548.5485485
550.5505506,18.93077078,9.00913325,6.79476436,10,550.5505506
552.5525526,18.79185298,9.013938082,6.799698834,10,552.5525526
554.5545546,18.65113243,9.018725536,6.804619027,10,554.5545546
556.5565566,18.5086439,9.023495738,6.80952503,10,556.5565566
558.5585586,18.36442263,9.028248812,6.814416935,10,558.5585586
560.5605606,18.21850427,9.03298488,6.819294833,10,560.5605606
562.5625626,18.07092491,9.037704064,6.824158815,10,562.5625626
564.5645646,17.92172102,9.042406483,6.829008968,10,564.5645646
566.5665666,17.77092949,9.047092256,6.833845381,10,566.5665666
568.5685686,17.6185876,9.051761502,6.838668142,10,568.5685686
570.5705706,17.46473302,9.056414335,6.843477337,10,570.5705706
572.5725726,17.30940379,9.061050871,6.848273051,10,572.5725726
574.5745746,17.1526383,9.065671223,6.853055369,10,574.5745746
576.5765766,16.99447531,9.070275505,6.857824376,10,576.5765766
578.5785786,16.83495393,9.074863827,6.862580153,10,578.5785786
580.5805806,16.67411359,9.0794363,6.867322784,10,580.5805806
582.5825826,16.51199406,9.083993033,6.872052349,10,582.5825826
584.5845846,16.34863542,9.088534134,6.876768931,10,584.5845846
586.5865866,16.18407805,9.09305971,6.881472607,10,586.5865866
588.5885886,16.01836264,9.097569866,6.886163459,10,588.5885886
590.5905906,15.85153016,9.102064708,6.890841563,10,590.5905906
592.5925926,15.68362186,9.106544339,6.895506999,10,592.5925926
594.5945946,15.51467924,9.111008861,6.900159841,10,594.5945946
596.5965966,15.34474407,9.115458377,6.904800168,10,596.5965966
598.5985986,15.17385838,9.119892986,6.909428055,10,598.5985986
600.6006006,15.00206439,9.124312789,6.914043575,10,600.6006006
602.6026026,14.8294046,9.128717883,6.918646804,10,602.6026026
604.6046046,14.65592168,9.133108367,6.923237815,10,604.6046046
606.6066066,14.48165852,9.137484337,6.92781668,10,606.6066066
608.6086086,14.30665821,9.141845888,6.932383471,10,608.6086086
610.6106106,14.13096401,9.146193116,6.93693826,10,610.6106106
612.6126126,13.95461936,9.150526114,6.941481118,10,612.6126126
614.6146146,13.77766785,9.154844974,6.946012115,10,614.6146146
616.6166166,13.60015324,9.15914979,6.95053132,10,616.6166166
618.6186186,13.42211941,9.163440652,6.955038802,10,618.6186186
620.6206206,13.24361038,9.167717649,6.959534629,10,620.6206206
622.6226226,13.06467028,9.171980872,6.964018869,10,622.6226226
624.6246246,12.88534334,9.176230409,6.968491589,10,624.6246246
626.6266266,12.7056739,9.180466348,6.972952855,10,626.6266266
628.6286286,12.52570639,9.184688775,6.977402733,10,628.6286286
630.6306306,12.3454853,9.188897775,6.981841288,10,630.6306306
632.6326326,12.16505517,9.193093435,6.986268584,10,632.6326326
634.6346346,11.98446062,9.197275839,6.990684687,10,634.6346346
636.6366366,11.8037463,9.20144507,6.995089659,10,636.6366366
638.6386386,11.62295689,9.20560121,6.999483563,10,638.6386386
640.6406406,11.44213708,9.209744342,7.003866461,10,640.6406406
642.6426426,11.26133157,9.213874547,7.008238416,10,642.6426426
644.6446446,11.08058507,9.217991906,7.012599489,10,644.6446446
646.6466466,10.89994226,9.222096497,7.01694974,10,646.6466466
648.6486486,10.7194478,9.2261884,7.02128923,10,648.6486486
650.6506507,10.53914632,9.230267694,7.025618018,10,650.6506507
652.6526527,10.35908238,9.234334455,7.029936164,10,652.6526527
654.6546547,10.17930052,9.23838876,7.034243726,10,654.6546547
656.6566567,9.999845171,9.242430686,7.038540763,10,656.6566567
658.6586587,9.820760705,9.246460307,7.042827332,10,658.6586587
660.6606607,9.642091396,9.250477699,7.04710349,10,660.6606607
662.6626627,9.463881417,9.254482935,7.051369294,10,662.6626627
664.6646647,9.286174825,9.25847609,7.055624801,10,664.6646647
666.6666667,9.109015556,9.262457235,7.059870065,10,666.6666667
668.6686687,8.932447408,9.266426442,7.064105143,10,668.6686687
670.6706707,8.756514034,9.270383783,7.06833009,10,670.6706707
672.6726727,8.581258929,9.274329329,7.072544959,10,672.6726727
674.6746747,8.406725424,9.278263149,7.076749804,10,674.6746747
676.6766767,8.232956666,9.282185314,7.080944679,10,676.6766767
678.6786787,8.059995616,9.286095892,7.085129638,10,678.6786787
680.6806807,7.887885036,9.289994951,7.089304732,10,680.6806807
682.6826827,7.716667477,9.293882559,7.093470014,10,682.6826827
684.6846847,7.546385268,9.297758784,7.097625535,10,684.6846847
686.6866867,7.377080509,9.30162369,7.101771347,10,686.6866867
688.6886887,7.208795055,9.305477346,7.105907501,10,688.6886887
690.6906907,7.041570513,9.309319815,7.110034047,10,690.6906907
692.6926927,6.875448225,9.313151162,7.114151035,10,692.6926927
694.6946947,6.710469261,9.316971452,7.118258516,10,694.6946947
696.6966967,6.54667441,9.320780749,7.122356537,10,696.6966967
698.6986987,6.384104165,9.324579115,7.126445148,10,698.6986987
700.7007007,6.22279872,9.328366613,7.130524399,10,700.7007007
702.7027027,6.062797952,9.332143305,7.134594335,10,702.7027027
704.7047047,5.904141421,9.335909252,7.138655006,10,704.7047047
706.7067067,5.746868349,9.339664516,7.142706459,10,706.7067067
708.7087087,5.591017619,9.343409157,7.14674874,10,708.7087087
710.7107107,5.436627762,9.347143235,7.150781897,10,710.7107107
712.7127127,5.283736949,9.350866809,7.154805975,10,712.7127127
714.7147147,5.132382977,9.354579938,7.15882102,10,714.7147147
716.7167167,4.982603267,9.35828268,7.162827078,10,716.7167167
718.7187187,4.834434847,9.361975095,7.166824193,10,718.7187187
720.7207207,4.687914351,9.365657238,7.170812412,10,720.7207207
722.7227227,4.543078,9.369329167,7.174791778,10,722.7227227
724.7247247,4.399961605,9.372990939,7.178762334,10,724.7247247
726.7267267,4.258600546,9.376642609,7.182724126,10,726.7267267
728.7287287,4.119029773,9.380284234,7.186677196,10,728.7287287
730.7307307,3.981283792,9.383915867,7.190621588,10,730.7307307
732.7327327,3.845396658,9.387537565,7.194557344,10,732.7327327
734.7347347,3.711401965,9.391149381,7.198484506,10,734.7347347
736.7367367,3.579332841,9.394751368,7.202403117,10,736.7367367
738.7387387,3.449221937,9.398343581,7.206313219,10,738.7387387
740.7407407,3.321101422,9.401926072,7.210214853,10,740.7407407
742.7427427,3.195002969,9.405498894,7.21410806,10,742.7427427
744.7447447,3.070957755,9.409062098,7.21799288,10,744.7447447
746.7467467,2.948996446,9.412615737,7.221869356,10,746.7467467
748.7487487,2.829149195,9.416159861,7.225737526,10,748.7487487
750.7507508,2.711445632,9.419694522,7.229597431,10,750.7507508
752.7527528,2.595914856,9.42321977,7.23344911,10,752.7527528
754.7547548,2.482585431,9.426735654,7.237292602,10,754.7547548
756.7567568,2.371485374,9.430242224,7.241127948,10,756.7567568
758.7587588,2.262642153,9.433739531,7.244955184,10,758.7587588
760.7607608,2.156082677,9.437227621,7.248774351,10,760.7607608
762.7627628,2.051833291,9.440706545,7.252585486,10,762.7627628
764.7647648,1.949919767,9.444176349,7.256388627,10,764.7647648
766.7667668,1.850367303,9.447637082,7.260183811,10,766.7667668
768.7687688,1.75320051,9.451088791,7.263971076,10,768.7687688
770.7707708,1.658443411,9.454531523,7.26775046,10,770.7707708
772.7727728,1.566119432,9.457965324,7.271521998,10,772.7727728
774.7747748,1.476251399,9.461390241,7.275285728,10,774.7747748
776.7767768,1.38886153,9.46480632,7.279041685,10,776.7767768
778.7787788,1.303971429,9.468213605,7.282789907,10,778.7787788
780.7807808,1.221602086,9.471612143,7.286530427,10,780.7807808
782.7827828,1.141773862,9.475001977,7.290263283,10,782.7827828
784.7847848,1.064506495,9.478383153,7.293988509,10,784.7847848
786.7867868,0.989819087,9.481755714,7.29770614,10,786.7867868
788.7887888,0.917730103,9.485119705,7.301416211,10,788.7887888
790.7907908,0.848257366,9.488475169,7.305118757,10,790.7907908
792.7927928,0.781418051,9.491822148,7.308813811,10,792.7927928
794.7947948,0.717228683,9.495160686,7.312501408,10,794.7947948
796.7967968,0.655705131,9.498490825,7.316181582,10,796.7967968
798.7987988,0.596862605,9.501812608,7.319854366,10,798.7987988
800.8008008,0.540715655,9.505126076,7.323519793,10,800.8008008
802.8028028,0.487278159,9.50843127,7.327177897,10,802.8028028
804.8048048,0.436563331,9.511728232,7.330828709,10,804.8048048
806.8068068,0.388583707,9.515017003,7.334472264,10,806.8068068
808.8088088,0.343351151,9.518297623,7.338108593,10,808.8088088
810.8108108,0.300876844,9.521570133,7.341737729,10,810.8108108
812.8128128,0.261171288,9.524834573,7.345359703,10,812.8128128
814.8148148,0.224244299,9.528090982,7.348974547,10,814.8148148
816.8168168,0.190105006,9.5313394,7.352582293,10,816.8168168
818.8188188,0.15876185,9.534579866,7.356182972,10,818.8188188
820.8208208,0.13022258,9.537812419,7.359776614,10,820.8208208
822.8228228,0.104494252,9.541037097,7.363363252,10,822.8228228
824.8248248,0.081583225,9.544253938,7.366942915,10,824.8248248
826.8268268,0.061495165,9.547462981,7.370515634,10,826.8268268
828.8288288,0.044235038,9.550664264,7.374081439,10,828.8288288
830.8308308,0.029807111,9.553857823,7.37764036,10,830.8308308
832.8328328,0.01821495,9.557043696,7.381192427,10,832.8328328
834.8348348,0.009461423,9.56022192,7.38473767,10,834.8348348
836.8368368,0.003548693,9.563392531,7.388276118,10,836.8368368
838.8388388,0.000478222,9.566555567,7.391807801,10,838.8388388
840.8408408,0,9.569711062,7.395332746,10,840.8408408
842.8428428,0,9.572859053,7.398850984,10,842.8428428
844.8448448,0,9.575999576,7.402362543,10,844.8448448
846.8468468,0,9.579132665,7.405867451,10,846.8468468
848.8488488,0,9.582258356,7.409365737,10,848.8488488
850.8508509,0,9.585376684,7.412857428,10,850.8508509
852.8528529,0,9.588487684,7.416342553,10,852.8528529
854.8548549,0,9.591591389,7.419821139,10,854.8548549
856.8568569,0,9.594687834,7.423293214,10,856.8568569
858.8588589,0,9.597777053,7.426758805,10,858.8588589
860.8608609,0,9.600859079,7.43021794,10,860.8608609
862.8628629,0,9.603933946,7.433670645,10,862.8628629
864.8648649,0,9.607001687,7.437116947,10,864.8648649
866.8668669,0,9.610062335,7.440556873,10,866.8668669
868.8688689,0,9.613115922,7.44399045,10,868.8688689
870.8708709,0,9.616162482,7.447417703,10,870.8708709
872.8728729,0,9.619202046,7.450838659,10,872.8728729
874.8748749,0,9.622234647,7.454253343,10,874.8748749
876.8768769,0,9.625260316,7.457661782,10,876.8768769
878.8788789,0,9.628279085,7.461064002,10,878.8788789
880.8808809,0,9.631290986,7.464460027,10,880.8808809
882.8828829,0,9.634296049,7.467849883,10,882.8828829
884.8848849,0,9.637294305,7.471233595,10,884.8848849
886.8868869,0,9.640285786,7.474611189,10,886.8868869
888.8888889,0,9.643270521,7.477982688,10,888.8888889
890.8908909,0,9.646248542,7.481348118,10,890.8908909
892.8928929,0,9.649219878,7.484707503,10,892.8928929
894.8948949,0,9.652184559,7.488060868,10,894.8948949
896.8968969,0,9.655142615,7.491408237,10,896.8968969
898.8988989,0,9.658094076,7.494749634,10,898.8988989
900.9009009,0,9.661038971,7.498085082,10,900.9009009
902.9029029,0,9.663977329,7.501414606,10,902.9029029
904.9049049,0,9.666909179,7.504738229,10,904.9049049
906.9069069,0,9.669834549,7.508055975,10,906.9069069
908.9089089,0,9.672753469,7.511367867,10,908.9089089
910.9109109,0,9.675665967,7.514673928,10,910.9109109
912.9129129,0,9.67857207,7.517974181,10,912.9129129
914.9149149,0,9.681471808,7.52126865,10,914.9149149
916.9169169,0,9.684365207,7.524557356,10,916.9169169
918.9189189,0,9.687252296,7.527840323,10,918.9189189
920.9209209,0,9.690133101,7.531117573,10,920.9209209
922.9229229,0,9.693007651,7.534389129,10,922.9229229
924.9249249,0,9.695875972,7.537655012,10,924.9249249
926.9269269,0,9.698738091,7.540915244,10,926.9269269
928.9289289,0,9.701594036,7.544169848,10,928.9289289
930.9309309,0,9.704443831,7.547418846,10,930.9309309
932.9329329,0,9.707287505,7.550662259,10,932.9329329
934.9349349,0,9.710125083,7.553900108,10,934.9349349
936.9369369,0,9.712956592,7.557132416,10,936.9369369
938.9389389,0,9.715782056,7.560359203,10,938.9389389
940.9409409,0,9.718601503,7.563580491,10,940.9409409
942.9429429,0,9.721414957,7.5667963,10,942.9429429
944.9449449,0,9.724222444,7.570006652,10,944.9449449
946.9469469,0,9.727023989,7.573211567,10,946.9469469
948.9489489,0,9.729819618,7.576411066,10,948.9489489
950.950951,0,9.732609355,7.579605169,10,950.950951
952.952953,0,9.735393224,7.582793898,10,952.952953
954.954955,0,9.738171252,7.585977272,10,954.954955
956.956957,0,9.740943462,7.589155311,10,956.956957
958.958959,0,9.743709878,7.592328036,10,958.958959
960.960961,0,9.746470525,7.595495466,10,960.960961
962.962963,0,9.749225426,7.598657622,10,962.962963
964.964965,0,9.751974606,7.601814523,10,964.964965
966.966967,0,9.754718088,7.604966188,10,966.966967
968.968969,0,9.757455896,7.608112638,10,968.968969
970.970971,0,9.760188053,7.611253891,10,970.970971
972.972973,0,9.762914582,7.614389967,10,972.972973
974.974975,0,9.765635508,7.617520885,10,974.974975
976.976977,0,9.768350851,7.620646664,10,976.976977
978.978979,0,9.771060637,7.623767323,10,978.978979
980.980981,0,9.773764886,7.626882881,10,980.980981
982.982983,0,9.776463622,7.629993356,10,982.982983
984.984985,0,9.779156868,7.633098768,10,984.984985
986.986987,0,9.781844645,7.636199134,10,986.986987
988.988989,0,9.784526975,7.639294473,10,988.988989
990.990991,0,9.787203881,7.642384803,10,990.990991
992.992993,0,9.789875385,7.645470143,10,992.992993
994.994995,0,9.792541508,7.648550511,10,994.994995
996.996997,0,9.795202272,7.651625925,10,996.996997
998.998999,0,9.797857698,7.654696401,10,998.998999
1001.001001,0,9.800507809,7.65776196,10,1001.001001
1003.003003,0,9.803152624,7.660822617,10,1003.003003
1005.005005,0,9.805792166,7.663878391,10,1005.005005
1007.007007,0,9.808426454,7.666929299,10,1007.007007
1009.009009,0,9.811055511,7.669975358,10,1009.009009
1011.011011,0,9.813679357,7.673016586,10,1011.011011
1013.013013,0,9.816298012,7.676053001,10,1013.013013
1015.015015,0,9.818911496,7.679084618,10,1015.015015
1017.017017,0,9.821519832,7.682111456,10,1017.017017
1019.019019,0,9.824123037,7.685133531,10,1019.019019
1021.021021,0,9.826721133,7.688150859,10,1021.021021
1023.023023,0,9.82931414,7.691163458,10,1023.023023
1025.025025,0,9.831902078,7.694171345,10,1025.025025
1027.027027,0,9.834484966,7.697174535,10,1027.027027
1029.029029,0,9.837062824,7.700173046,10,1029.029029
1031.031031,0,9.839635671,7.703166893,10,1031.031031
1033.033033,0,9.842203528,7.706156094,10,1033.033033
1035.035035,0,9.844766413,7.709140663,10,1035.035035
1037.037037,0,9.847324345,7.712120618,10,1037.037037
1039.039039,0,9.849877344,7.715095974,10,1039.039039
1041.041041,0,9.852425429,7.718066747,10,1041.041041
1043.043043,0,9.854968619,7.721032954,10,1043.043043
1045.045045,0,9.857506931,7.723994609,10,1045.045045
1047.047047,0,9.860040386,7.726951729,10,1047.047047
1049.049049,0,9.862569001,7.729904328,10,1049.049049
1051.051051,0,9.865092795,7.732852424,10,1051.051051
1053.053053,0,9.867611787,7.735796031,10,1053.053053
1055.055055,0,9.870125994,7.738735164,10,1055.055055
1057.057057,0,9.872635435,7.741669839,10,1057.057057
1059.059059,0,9.875140127,7.74460007,10,1059.059059
1061.061061,0,9.87764009,7.747525874,10,1061.061061
1063.063063,0,9.880135339,7.750447265,10,1063.063063
1065.065065,0,9.882625894,7.753364257,10,1065.065065
1067.067067,0,9.885111772,7.756276867,10,1067.067067
1069.069069,0,9.887592991,7.759185108,10,1069.069069
1071.071071,0,9.890069567,7.762088995,10,1071.071071
1073.073073,0,9.892541519,7.764988544,10,1073.073073
1075.075075,0,9.895008863,7.767883768,10,1075.075075
1077.077077,0,9.897471616,7.770774682,10,1077.077077
1079.079079,0,9.899929796,7.7736613,10,1079.079079
1081.081081,0,9.90238342,7.776543637,10,1081.081081
1083.083083,0,9.904832504,7.779421708,10,1083.083083
1085.085085,0,9.907277066,7.782295525,10,1085.085085
1087.087087,0,9.909717121,7.785165104,10,1087.087087
1089.089089,0,9.912152687,7.788030458,10,1089.089089
1091.091091,0,9.91458378,7.790891601,10,1091.091091
1093.093093,0,9.917010416,7.793748548,10,1093.093093
1095.095095,0,9.919432612,7.796601312,10,1095.095095
1097.097097,0,9.921850383,7.799449906,10,1097.097097
1099.099099,0,9.924263747,7.802294346,10,1099.099099
1101.101101,0,9.926672719,7.805134643,10,1101.101101
1103.103103,0,9.929077315,7.807970812,10,1103.103103
1105.105105,0,9.93147755,7.810802866,10,1105.105105
1107.107107,0,9.933873442,7.813630818,10,1107.107107
1109.109109,0,9.936265005,7.816454683,10,1109.109109
1111.111111,0,9.938652254,7.819274472,10,1111.111111
1113.113113,0,9.941035207,7.8220902,10,1113.113113
1115.115115,0,9.943413877,7.82490188,10,1115.115115
1117.117117,0,9.945788281,7.827709524,10,1117.117117
1119.119119,0,9.948158433,7.830513145,10,1119.119119
1121.121121,0,9.950524349,7.833312757,10,1121.121121
1123.123123,0,9.952886044,7.836108373,10,1123.123123
1125.125125,0,9.955243532,7.838900005,10,1125.125125
1127.127127,0,9.95759683,7.841687665,10,1127.127127
1129.129129,0,9.959945952,7.844471368,10,1129.129129
1131.131131,0,9.962290912,7.847251124,10,1131.131131
1133.133133,0,9.964631725,7.850026948,10,1133.133133
1135.135135,0,9.966968407,7.852798851,10,1135.135135
1137.137137,0,9.96930097,7.855566845,10,1137.137137
1139.139139,0,9.971629431,7.858330944,10,1139.139139
1141.141141,0,9.973953804,7.86109116,10,1141.141141
1143.143143,0,9.976274101,7.863847504,10,1143.143143
1145.145145,0,9.978590339,7.866599988,10,1145.145145
1147.147147,0,9.980902532,7.869348626,10,1147.147147
1149.149149,0,9.983210692,7.87209343,10,1149.149149
1151.151151,0,9.985514835,7.87483441,10,1151.151151
1153.153153,0,9.987814974,7.877571579,10,1153.153153
1155.155155,0,9.990111123,7.88030495,10,1155.155155
1157.157157,0,9.992403296,7.883034533,10,1157.157157
1159.159159,0,9.994691507,7.885760341,10,1159.159159
1161.161161,0,9.996975769,7.888482385,10,1161.161161
1163.163163,0,9.999256096,7.891200677,10,1163.163163
1165.165165,0,10.0015325,7.893915229,10,1165.165165
1167.167167,0,10.003805,7.896626052,10,1167.167167
1169.169169,0,10.0060736,7.899333158,10,1169.169169
1171.171171,0,10.00833832,7.902036558,10,1171.171171
1173.173173,0,10.01059918,7.904736264,10,1173.173173
1175.175175,0,10.01285618,7.907432287,10,1175.175175
1177.177177,0,10.01510934,7.910124637,10,1177.177177
1179.179179,0,10.01735866,7.912813327,10,1179.179179
1181.181181,0,10.01960418,7.915498368,10,1181.181181
1183.183183,0,10.02184589,7.918179771,10,1183.183183
1185.185185,0,10.02408381,7.920857546,10,1185.185185
1187.187187,0,10.02631795,7.923531705,10,1187.187187
1189.189189,0,10.02854833,7.926202259,10,1189.189189
1191.191191,0,10.03077496,7.928869219,10,1191.191191
1193.193193,0,10.03299785,7.931532595,10,1193.193193
1195.195195,0,10.03521701,7.934192399,10,1195.195195
1197.197197,0,10.03743246,7.93684864,10,1197.197197
1199.199199,0,10.0396442,7.939501331,10,1199.199199
1201.201201,0,10.04185226,7.942150481,10,1201.201201
1203.203203,0,10.04405664,7.944796102,10,1203.203203
